enhet;kode;navn;fylke;fylkesmann;orgnr_fylkesmann
3001 - Halden;3001;HALDEN;VIKEN;Fylkesmannen i Oslo og Viken;974760460
3002 - MOSS;3002;MOSS;VIKEN;Fylkesmannen i Oslo og Viken;974760460
3003 - SARPSBORG;3003;SARPSBORG;VIKEN;Fylkesmannen i Oslo og Viken;974760460
3004 - FREDRIKSTAD;3004;FREDRIKSTAD;VIKEN;Fylkesmannen i Oslo og Viken;974760460
3011 - HVALER;3011;HVALER;VIKEN;Fylkesmannen i Oslo og Viken;974760460
3012 - AREMARK;3012;AREMARK;VIKEN;Fylkesmannen i Oslo og Viken;974760460
3013 - MARKER;3013;MARKER;VIKEN;Fylkesmannen i Oslo og Viken;974760460
3026 - AURSKOG-HØLAND;3026;AURSKOG-HØLAND;VIKEN;Fylkesmannen i Oslo og Viken;974760460
3014 - INDRE ØSTFOLD;3014;INDRE ØSTFOLD;VIKEN;Fylkesmannen i Oslo og Viken;974760460
3015 - SKIPTVET;3015;SKIPTVET;VIKEN;Fylkesmannen i Oslo og Viken;974760460
3016 - RAKKESTAD;3016;RAKKESTAD;VIKEN;Fylkesmannen i Oslo og Viken;974760460
3017 - RÅDE;3017;RÅDE;VIKEN;Fylkesmannen i Oslo og Viken;974760460
3018 - VÅLER (VIKEN);3018;VÅLER (VIKEN);VIKEN;Fylkesmannen i Oslo og Viken;974760460
3019 - VESTBY;3019;VESTBY;VIKEN;Fylkesmannen i Oslo og Viken;974760460
3020 - NORDRE FOLLO;3020;NORDRE FOLLO;VIKEN;Fylkesmannen i Oslo og Viken;974760460
3021 - ÅS;3021;ÅS;VIKEN;Fylkesmannen i Oslo og Viken;974760460
3022 - FROGN;3022;FROGN;VIKEN;Fylkesmannen i Oslo og Viken;974760460
3023 - NESODDEN;3023;NESODDEN;VIKEN;Fylkesmannen i Oslo og Viken;974760460
3024 - BÆRUM;3024;BÆRUM;VIKEN;Fylkesmannen i Oslo og Viken;974760460
3025 - ASKER;3025;ASKER;VIKEN;Fylkesmannen i Oslo og Viken;974760460
3030 - LILLESTRØM;3030;LILLESTRØM;VIKEN;Fylkesmannen i Oslo og Viken;974760460
3027 - RÆLINGEN;3027;RÆLINGEN;VIKEN;Fylkesmannen i Oslo og Viken;974760460
3028 - ENEBAKK;3028;ENEBAKK;VIKEN;Fylkesmannen i Oslo og Viken;974760460
3029 - LØRENSKOG;3029;LØRENSKOG;VIKEN;Fylkesmannen i Oslo og Viken;974760460
3031 - NITTEDAL;3031;NITTEDAL;VIKEN;Fylkesmannen i Oslo og Viken;974760460
3032 - GJERDRUM;3032;GJERDRUM;VIKEN;Fylkesmannen i Oslo og Viken;974760460
3033 - ULLENSAKER;3033;ULLENSAKER;VIKEN;Fylkesmannen i Oslo og Viken;974760460
3034 - NES;3034;NES;VIKEN;Fylkesmannen i Oslo og Viken;974760460
3035 - EIDSVOLL;3035;EIDSVOLL;VIKEN;Fylkesmannen i Oslo og Viken;974760460
3036 - NANNESTAD;3036;NANNESTAD;VIKEN;Fylkesmannen i Oslo og Viken;974760460
3037 - HURDAL;3037;HURDAL;VIKEN;Fylkesmannen i Oslo og Viken;974760460
3053 - JEVNAKER;3053;JEVNAKER;VIKEN;Fylkesmannen i Oslo og Viken;974760460
3054 - LUNNER;3054;LUNNER;VIKEN;Fylkesmannen i Oslo og Viken;974760460
3005 - DRAMMEN;3005;DRAMMEN;VIKEN;Fylkesmannen i Oslo og Viken;974760460
3006 - KONGSBERG;3006;KONGSBERG;VIKEN;Fylkesmannen i Oslo og Viken;974760460
3007 - RINGERIKE;3007;RINGERIKE;VIKEN;Fylkesmannen i Oslo og Viken;974760460
3038 - HOLE;3038;HOLE;VIKEN;Fylkesmannen i Oslo og Viken;974760460
3039 - FLÅ;3039;FLÅ;VIKEN;Fylkesmannen i Oslo og Viken;974760460
3040 - NESBYEN;3040;NESBYEN;VIKEN;Fylkesmannen i Oslo og Viken;974760460
3041 - GOL;3041;GOL;VIKEN;Fylkesmannen i Oslo og Viken;974760460
3042 - HEMSEDAL;3042;HEMSEDAL;VIKEN;Fylkesmannen i Oslo og Viken;974760460
3043 - ÅL;3043;ÅL;VIKEN;Fylkesmannen i Oslo og Viken;974760460
3044 - HOL;3044;HOL;VIKEN;Fylkesmannen i Oslo og Viken;974760460
3045 - SIGDAL;3045;SIGDAL;VIKEN;Fylkesmannen i Oslo og Viken;974760460
3046 - KRØDSHERAD;3046;KRØDSHERAD;VIKEN;Fylkesmannen i Oslo og Viken;974760460
3047 - MODUM;3047;MODUM;VIKEN;Fylkesmannen i Oslo og Viken;974760460
3048 - ØVRE EIKER;3048;ØVRE EIKER;VIKEN;Fylkesmannen i Oslo og Viken;974760460
3049 - LIER;3049;LIER;VIKEN;Fylkesmannen i Oslo og Viken;974760460
3050 - FLESBERG;3050;FLESBERG;VIKEN;Fylkesmannen i Oslo og Viken;974760460
3051 - ROLLAG;3051;ROLLAG;VIKEN;Fylkesmannen i Oslo og Viken;974760460
3052 - NORE OG UVDAL;3052;NORE OG UVDAL;VIKEN;Fylkesmannen i Oslo og Viken;974760460
3401 - KONGSVINGER;3401;KONGSVINGER;INNLANDET;Fylkesmannen i Innlandet;974761645
3403 - HAMAR;3403;HAMAR;INNLANDET;Fylkesmannen i Innlandet;974761645
3411 - RINGSAKER;3411;RINGSAKER;INNLANDET;Fylkesmannen i Innlandet;974761645
3412 - LØTEN;3412;LØTEN;INNLANDET;Fylkesmannen i Innlandet;974761645
3413 - STANGE;3413;STANGE;INNLANDET;Fylkesmannen i Innlandet;974761645
3414 - NORD-ODAL;3414;NORD-ODAL;INNLANDET;Fylkesmannen i Innlandet;974761645
3415 - SØR-ODAL;3415;SØR-ODAL;INNLANDET;Fylkesmannen i Innlandet;974761645
3416 - EIDSKOG;3416;EIDSKOG;INNLANDET;Fylkesmannen i Innlandet;974761645
3417 - GRUE;3417;GRUE;INNLANDET;Fylkesmannen i Innlandet;974761645
3418 - ÅSNES;3418;ÅSNES;INNLANDET;Fylkesmannen i Innlandet;974761645
3419 - VÅLER (INNLANDET);3419;VÅLER (INNLANDET);INNLANDET;Fylkesmannen i Innlandet;974761645
3420 - ELVERUM;3420;ELVERUM;INNLANDET;Fylkesmannen i Innlandet;974761645
3421 - TRYSIL;3421;TRYSIL;INNLANDET;Fylkesmannen i Innlandet;974761645
3422 - ÅMOT;3422;ÅMOT;INNLANDET;Fylkesmannen i Innlandet;974761645
3423 - STOR-ELVDAL;3423;STOR-ELVDAL;INNLANDET;Fylkesmannen i Innlandet;974761645
3424 - RENDALEN;3424;RENDALEN;INNLANDET;Fylkesmannen i Innlandet;974761645
3425 - ENGERDAL;3425;ENGERDAL;INNLANDET;Fylkesmannen i Innlandet;974761645
3426 - TOLGA;3426;TOLGA;INNLANDET;Fylkesmannen i Innlandet;974761645
3427 - TYNSET;3427;TYNSET;INNLANDET;Fylkesmannen i Innlandet;974761645
3428 - ALVDAL;3428;ALVDAL;INNLANDET;Fylkesmannen i Innlandet;974761645
3429 - FOLLDAL;3429;FOLLDAL;INNLANDET;Fylkesmannen i Innlandet;974761645
3430 - OS (INNLANDET);3430;OS (INNLANDET);INNLANDET;Fylkesmannen i Innlandet;974761645
3405 - LILLEHAMMER;3405;LILLEHAMMER;INNLANDET;Fylkesmannen i Innlandet;974761645
3407 - GJØVIK;3407;GJØVIK;INNLANDET;Fylkesmannen i Innlandet;974761645
3431 - DOVRE;3431;DOVRE;INNLANDET;Fylkesmannen i Innlandet;974761645
3432 - LESJA;3432;LESJA;INNLANDET;Fylkesmannen i Innlandet;974761645
3433 - SKJÅK;3433;SKJÅK;INNLANDET;Fylkesmannen i Innlandet;974761645
3434 - LOM;3434;LOM;INNLANDET;Fylkesmannen i Innlandet;974761645
3435 - VÅGÅ;3435;VÅGÅ;INNLANDET;Fylkesmannen i Innlandet;974761645
3436 - NORD-FRON;3436;NORD-FRON;INNLANDET;Fylkesmannen i Innlandet;974761645
3437 - SEL;3437;SEL;INNLANDET;Fylkesmannen i Innlandet;974761645
3438 - SØR-FRON;3438;SØR-FRON;INNLANDET;Fylkesmannen i Innlandet;974761645
3439 - RINGEBU;3439;RINGEBU;INNLANDET;Fylkesmannen i Innlandet;974761645
3440 - ØYER;3440;ØYER;INNLANDET;Fylkesmannen i Innlandet;974761645
3441 - GAUSDAL;3441;GAUSDAL;INNLANDET;Fylkesmannen i Innlandet;974761645
3442 - ØSTRE TOTEN;3442;ØSTRE TOTEN;INNLANDET;Fylkesmannen i Innlandet;974761645
3443 - VESTRE TOTEN;3443;VESTRE TOTEN;INNLANDET;Fylkesmannen i Innlandet;974761645
3446 - GRAN;3446;GRAN;INNLANDET;Fylkesmannen i Innlandet;974761645
3447 - SØNDRE LAND;3447;SØNDRE LAND;INNLANDET;Fylkesmannen i Innlandet;974761645
3448 - NORDRE LAND;3448;NORDRE LAND;INNLANDET;Fylkesmannen i Innlandet;974761645
3449 - SØR-AURDAL;3449;SØR-AURDAL;INNLANDET;Fylkesmannen i Innlandet;974761645
3450 - ETNEDAL;3450;ETNEDAL;INNLANDET;Fylkesmannen i Innlandet;974761645
3451 - NORD-AURDAL;3451;NORD-AURDAL;INNLANDET;Fylkesmannen i Innlandet;974761645
3452 - VESTRE SLIDRE;3452;VESTRE SLIDRE;INNLANDET;Fylkesmannen i Innlandet;974761645
3453 - ØYSTRE SLIDRE;3453;ØYSTRE SLIDRE;INNLANDET;Fylkesmannen i Innlandet;974761645
3454 - VANG;3454;VANG;INNLANDET;Fylkesmannen i Innlandet;974761645
3801 - HORTEN;3801;HORTEN;VESTFOLD OG TELEMARK;Fylkesmannen i Vestfold og Telemark;974762501
3803 - TØNSBERG;3803;TØNSBERG;VESTFOLD OG TELEMARK;Fylkesmannen i Vestfold og Telemark;974762501
3804 - SANDEFJORD;3804;SANDEFJORD;VESTFOLD OG TELEMARK;Fylkesmannen i Vestfold og Telemark;974762501
3805 - LARVIK;3805;LARVIK;VESTFOLD OG TELEMARK;Fylkesmannen i Vestfold og Telemark;974762501
3802 - HOLMESTRAND;3802;HOLMESTRAND;VESTFOLD OG TELEMARK;Fylkesmannen i Vestfold og Telemark;974762501
3811 - FÆRDER;3811;FÆRDER;VESTFOLD OG TELEMARK;Fylkesmannen i Vestfold og Telemark;974762501
3806 - PORSGRUNN;3806;PORSGRUNN;VESTFOLD OG TELEMARK;Fylkesmannen i Vestfold og Telemark;974762501
3807 - SKIEN;3807;SKIEN;VESTFOLD OG TELEMARK;Fylkesmannen i Vestfold og Telemark;974762501
3808 - NOTODDEN;3808;NOTODDEN;VESTFOLD OG TELEMARK;Fylkesmannen i Vestfold og Telemark;974762501
3812 - SILJAN;3812;SILJAN;VESTFOLD OG TELEMARK;Fylkesmannen i Vestfold og Telemark;974762501
3813 - BAMBLE;3813;BAMBLE;VESTFOLD OG TELEMARK;Fylkesmannen i Vestfold og Telemark;974762501
3814 - KRAGERØ;3814;KRAGERØ;VESTFOLD OG TELEMARK;Fylkesmannen i Vestfold og Telemark;974762501
3815 - DRANGEDAL;3815;DRANGEDAL;VESTFOLD OG TELEMARK;Fylkesmannen i Vestfold og Telemark;974762501
3816 - NOME;3816;NOME;VESTFOLD OG TELEMARK;Fylkesmannen i Vestfold og Telemark;974762501
3817 - MIDT-TELEMARK;3817;MIDT-TELEMARK;VESTFOLD OG TELEMARK;Fylkesmannen i Vestfold og Telemark;974762501
3818 - TINN;3818;TINN;VESTFOLD OG TELEMARK;Fylkesmannen i Vestfold og Telemark;974762501
3819 - HJARTDAL;3819;HJARTDAL;VESTFOLD OG TELEMARK;Fylkesmannen i Vestfold og Telemark;974762501
3820 - SELJORD;3820;SELJORD;VESTFOLD OG TELEMARK;Fylkesmannen i Vestfold og Telemark;974762501
3821 - KVITESEID;3821;KVITESEID;VESTFOLD OG TELEMARK;Fylkesmannen i Vestfold og Telemark;974762501
3822 - NISSEDAL;3822;NISSEDAL;VESTFOLD OG TELEMARK;Fylkesmannen i Vestfold og Telemark;974762501
3823 - FYRESDAL;3823;FYRESDAL;VESTFOLD OG TELEMARK;Fylkesmannen i Vestfold og Telemark;974762501
3824 - TOKKE;3824;TOKKE;VESTFOLD OG TELEMARK;Fylkesmannen i Vestfold og Telemark;974762501
3825 - VINJE;3825;VINJE;VESTFOLD OG TELEMARK;Fylkesmannen i Vestfold og Telemark;974762501
4201 - RISØR;4201;RISØR;AGDER;Fylkesmannen i Agder;974762994
4202 - GRIMSTAD;4202;GRIMSTAD;AGDER;Fylkesmannen i Agder;974762994
4203 - ARENDAL;4203;ARENDAL;AGDER;Fylkesmannen i Agder;974762994
4211 - GJERSTAD;4211;GJERSTAD;AGDER;Fylkesmannen i Agder;974762994
4212 - VEGÅRSHEI;4212;VEGÅRSHEI;AGDER;Fylkesmannen i Agder;974762994
4213 - TVEDESTRAND;4213;TVEDESTRAND;AGDER;Fylkesmannen i Agder;974762994
4214 - FROLAND;4214;FROLAND;AGDER;Fylkesmannen i Agder;974762994
4215 - LILLESAND;4215;LILLESAND;AGDER;Fylkesmannen i Agder;974762994
4216 - BIRKENES;4216;BIRKENES;AGDER;Fylkesmannen i Agder;974762994
4217 - ÅMLI;4217;ÅMLI;AGDER;Fylkesmannen i Agder;974762994
4218 - IVELAND;4218;IVELAND;AGDER;Fylkesmannen i Agder;974762994
4219 - EVJE OG HORNNES;4219;EVJE OG HORNNES;AGDER;Fylkesmannen i Agder;974762994
4220 - BYGLAND;4220;BYGLAND;AGDER;Fylkesmannen i Agder;974762994
4221 - VALLE;4221;VALLE;AGDER;Fylkesmannen i Agder;974762994
4222 - BYKLE;4222;BYKLE;AGDER;Fylkesmannen i Agder;974762994
4204 - KRISTIANSAND;4204;KRISTIANSAND;AGDER;Fylkesmannen i Agder;974762994
4205 - LINDESNES;4205;LINDESNES;AGDER;Fylkesmannen i Agder;974762994
4206 - FARSUND;4206;FARSUND;AGDER;Fylkesmannen i Agder;974762994
4207 - FLEKKEFJORD;4207;FLEKKEFJORD;AGDER;Fylkesmannen i Agder;974762994
4223 - VENNESLA;4223;VENNESLA;AGDER;Fylkesmannen i Agder;974762994
4224 - ÅSERAL;4224;ÅSERAL;AGDER;Fylkesmannen i Agder;974762994
4225 - LYNGDAL;4225;LYNGDAL;AGDER;Fylkesmannen i Agder;974762994
4226 - HÆGEBOSTAD;4226;HÆGEBOSTAD;AGDER;Fylkesmannen i Agder;974762994
4227 - KVINESDAL;4227;KVINESDAL;AGDER;Fylkesmannen i Agder;974762994
4228 - SIRDAL;4228;SIRDAL;AGDER;Fylkesmannen i Agder;974762994
1101 - EIGERSUND;1101;EIGERSUND;ROGALAND;Fylkesmannen i Rogaland;974763230
1108 - SANDNES;1108;SANDNES;ROGALAND;Fylkesmannen i Rogaland;974763230
1103 - STAVANGER;1103;STAVANGER;ROGALAND;Fylkesmannen i Rogaland;974763230
1106 - HAUGESUND;1106;HAUGESUND;ROGALAND;Fylkesmannen i Rogaland;974763230
1111 - SOKNDAL;1111;SOKNDAL;ROGALAND;Fylkesmannen i Rogaland;974763230
1112 - LUND;1112;LUND;ROGALAND;Fylkesmannen i Rogaland;974763230
1114 - BJERKREIM;1114;BJERKREIM;ROGALAND;Fylkesmannen i Rogaland;974763230
1119 - HÅ;1119;HÅ;ROGALAND;Fylkesmannen i Rogaland;974763230
1120 - KLEPP;1120;KLEPP;ROGALAND;Fylkesmannen i Rogaland;974763230
1121 - TIME;1121;TIME;ROGALAND;Fylkesmannen i Rogaland;974763230
1122 - GJESDAL;1122;GJESDAL;ROGALAND;Fylkesmannen i Rogaland;974763230
1124 - SOLA;1124;SOLA;ROGALAND;Fylkesmannen i Rogaland;974763230
1127 - RANDABERG;1127;RANDABERG;ROGALAND;Fylkesmannen i Rogaland;974763230
1130 - STRAND;1130;STRAND;ROGALAND;Fylkesmannen i Rogaland;974763230
1133 - HJELMELAND;1133;HJELMELAND;ROGALAND;Fylkesmannen i Rogaland;974763230
1134 - SULDAL;1134;SULDAL;ROGALAND;Fylkesmannen i Rogaland;974763230
1135 - SAUDA;1135;SAUDA;ROGALAND;Fylkesmannen i Rogaland;974763230
1144 - KVITSØY;1144;KVITSØY;ROGALAND;Fylkesmannen i Rogaland;974763230
1145 - BOKN;1145;BOKN;ROGALAND;Fylkesmannen i Rogaland;974763230
1146 - TYSVÆR;1146;TYSVÆR;ROGALAND;Fylkesmannen i Rogaland;974763230
1149 - KARMØY;1149;KARMØY;ROGALAND;Fylkesmannen i Rogaland;974763230
1151 - UTSIRA;1151;UTSIRA;ROGALAND;Fylkesmannen i Rogaland;974763230
1160 - VINDAFJORD;1160;VINDAFJORD;ROGALAND;Fylkesmannen i Rogaland;974763230
4611 - ETNE;4611;ETNE;VESTLAND;Fylkesmannen i Vestland;974760665
4612 - SVEIO;4612;SVEIO;VESTLAND;Fylkesmannen i Vestland;974760665
4613 - BØMLO;4613;BØMLO;VESTLAND;Fylkesmannen i Vestland;974760665
4614 - STORD;4614;STORD;VESTLAND;Fylkesmannen i Vestland;974760665
4615 - FITJAR;4615;FITJAR;VESTLAND;Fylkesmannen i Vestland;974760665
4616 - TYSNES;4616;TYSNES;VESTLAND;Fylkesmannen i Vestland;974760665
4617 - KVINNHERAD;4617;KVINNHERAD;VESTLAND;Fylkesmannen i Vestland;974760665
4618 - ULLENSVANG;4618;ULLENSVANG;VESTLAND;Fylkesmannen i Vestland;974760665
4619 - EIDFJORD;4619;EIDFJORD;VESTLAND;Fylkesmannen i Vestland;974760665
4620 - ULVIK;4620;ULVIK;VESTLAND;Fylkesmannen i Vestland;974760665
4621 - VOSS;4621;VOSS;VESTLAND;Fylkesmannen i Vestland;974760665
4622 - KVAM;4622;KVAM;VESTLAND;Fylkesmannen i Vestland;974760665
4624 - BJØRNAFJORDEN;4624;BJØRNAFJORDEN;VESTLAND;Fylkesmannen i Vestland;974760665
4623 - SAMNANGER;4623;SAMNANGER;VESTLAND;Fylkesmannen i Vestland;974760665
4625 - AUSTEVOLL;4625;AUSTEVOLL;VESTLAND;Fylkesmannen i Vestland;974760665
4626 - ØYGARDEN;4626;ØYGARDEN;VESTLAND;Fylkesmannen i Vestland;974760665
4627 - ASKØY;4627;ASKØY;VESTLAND;Fylkesmannen i Vestland;974760665
4628 - VAKSDAL;4628;VAKSDAL;VESTLAND;Fylkesmannen i Vestland;974760665
4629 - MODALEN;4629;MODALEN;VESTLAND;Fylkesmannen i Vestland;974760665
4630 - OSTERØY;4630;OSTERØY;VESTLAND;Fylkesmannen i Vestland;974760665
4631 - ALVER;4631;ALVER;VESTLAND;Fylkesmannen i Vestland;974760665
4632 - AUSTRHEIM;4632;AUSTRHEIM;VESTLAND;Fylkesmannen i Vestland;974760665
4633 - FEDJE;4633;FEDJE;VESTLAND;Fylkesmannen i Vestland;974760665
4634 - MASFJORDEN;4634;MASFJORDEN;VESTLAND;Fylkesmannen i Vestland;974760665
4602 - KINN;4602;KINN;VESTLAND;Fylkesmannen i Vestland;974760665
4635 - GULEN;4635;GULEN;VESTLAND;Fylkesmannen i Vestland;974760665
4636 - SOLUND;4636;SOLUND;VESTLAND;Fylkesmannen i Vestland;974760665
4637 - HYLLESTAD;4637;HYLLESTAD;VESTLAND;Fylkesmannen i Vestland;974760665
4638 - HØYANGER;4638;HØYANGER;VESTLAND;Fylkesmannen i Vestland;974760665
4639 - VIK;4639;VIK;VESTLAND;Fylkesmannen i Vestland;974760665
4640 - SOGNDAL;4640;SOGNDAL;VESTLAND;Fylkesmannen i Vestland;974760665
4641 - AURLAND;4641;AURLAND;VESTLAND;Fylkesmannen i Vestland;974760665
4642 - LÆRDAL;4642;LÆRDAL;VESTLAND;Fylkesmannen i Vestland;974760665
4643 - ÅRDAL;4643;ÅRDAL;VESTLAND;Fylkesmannen i Vestland;974760665
4644 - LUSTER;4644;LUSTER;VESTLAND;Fylkesmannen i Vestland;974760665
4645 - ASKVOLL;4645;ASKVOLL;VESTLAND;Fylkesmannen i Vestland;974760665
4646 - FJALER;4646;FJALER;VESTLAND;Fylkesmannen i Vestland;974760665
4647 - SUNNFJORD;4647;SUNNFJORD;VESTLAND;Fylkesmannen i Vestland;974760665
4648 - BREMANGER;4648;BREMANGER;VESTLAND;Fylkesmannen i Vestland;974760665
4649 - STAD;4649;STAD;VESTLAND;Fylkesmannen i Vestland;974760665
4650 - GLOPPEN;4650;GLOPPEN;VESTLAND;Fylkesmannen i Vestland;974760665
4651 - STRYN;4651;STRYN;VESTLAND;Fylkesmannen i Vestland;974760665
1506 - MOLDE;1506;MOLDE;MØRE OG ROMSDAL;Fylkesmannen i Møre og Romsdal;974764067
1507 - ÅLESUND;1507;ÅLESUND;MØRE OG ROMSDAL;Fylkesmannen i Møre og Romsdal;974764067
1505 - KRISTIANSUND;1505;KRISTIANSUND;MØRE OG ROMSDAL;Fylkesmannen i Møre og Romsdal;974764067
1511 - VANYLVEN;1511;VANYLVEN;MØRE OG ROMSDAL;Fylkesmannen i Møre og Romsdal;974764067
1514 - SANDE;1514;SANDE;MØRE OG ROMSDAL;Fylkesmannen i Møre og Romsdal;974764067
1515 - HERØY;1515;HERØY;MØRE OG ROMSDAL;Fylkesmannen i Møre og Romsdal;974764067
1516 - ULSTEIN;1516;ULSTEIN;MØRE OG ROMSDAL;Fylkesmannen i Møre og Romsdal;974764067
1517 - HAREID;1517;HAREID;MØRE OG ROMSDAL;Fylkesmannen i Møre og Romsdal;974764067
1577 - VOLDA;1577;VOLDA;MØRE OG ROMSDAL;Fylkesmannen i Møre og Romsdal;974764067
1520 - ØRSTA;1520;ØRSTA;MØRE OG ROMSDAL;Fylkesmannen i Møre og Romsdal;974764067
1578 - FJORD;1578;FJORD;MØRE OG ROMSDAL;Fylkesmannen i Møre og Romsdal;974764067
1525 - STRANDA;1525;STRANDA;MØRE OG ROMSDAL;Fylkesmannen i Møre og Romsdal;974764067
1528 - SYKKYLVEN;1528;SYKKYLVEN;MØRE OG ROMSDAL;Fylkesmannen i Møre og Romsdal;974764067
1531 - SULA;1531;SULA;MØRE OG ROMSDAL;Fylkesmannen i Møre og Romsdal;974764067
1532 - GISKE;1532;GISKE;MØRE OG ROMSDAL;Fylkesmannen i Møre og Romsdal;974764067
1535 - VESTNES;1535;VESTNES;MØRE OG ROMSDAL;Fylkesmannen i Møre og Romsdal;974764067
1539 - RAUMA;1539;RAUMA;MØRE OG ROMSDAL;Fylkesmannen i Møre og Romsdal;974764067
1547 - AUKRA;1547;AUKRA;MØRE OG ROMSDAL;Fylkesmannen i Møre og Romsdal;974764067
1579 - HUSTADVIKA;1579;HUSTADVIKA;MØRE OG ROMSDAL;Fylkesmannen i Møre og Romsdal;974764067
1554 - AVERØY;1554;AVERØY;MØRE OG ROMSDAL;Fylkesmannen i Møre og Romsdal;974764067
1557 - GJEMNES;1557;GJEMNES;MØRE OG ROMSDAL;Fylkesmannen i Møre og Romsdal;974764067
1560 - TINGVOLL;1560;TINGVOLL;MØRE OG ROMSDAL;Fylkesmannen i Møre og Romsdal;974764067
1563 - SUNNDAL;1563;SUNNDAL;MØRE OG ROMSDAL;Fylkesmannen i Møre og Romsdal;974764067
1566 - SURNADAL;1566;SURNADAL;MØRE OG ROMSDAL;Fylkesmannen i Møre og Romsdal;974764067
1573 - SMØLA;1573;SMØLA;MØRE OG ROMSDAL;Fylkesmannen i Møre og Romsdal;974764067
1576 - AURE;1576;AURE;MØRE OG ROMSDAL;Fylkesmannen i Møre og Romsdal;974764067
1804 - BODØ;1804;BODØ;NORDLAND;Fylkesmannen i Nordland;974764687
1806 - NARVIK;1806;NARVIK;NORDLAND;Fylkesmannen i Nordland;974764687
1811 - BINDAL;1811;BINDAL;NORDLAND;Fylkesmannen i Nordland;974764687
1812 - SØMNA;1812;SØMNA;NORDLAND;Fylkesmannen i Nordland;974764687
1813 - BRØNNØY;1813;BRØNNØY;NORDLAND;Fylkesmannen i Nordland;974764687
1815 - VEGA;1815;VEGA;NORDLAND;Fylkesmannen i Nordland;974764687
1816 - VEVELSTAD;1816;VEVELSTAD;NORDLAND;Fylkesmannen i Nordland;974764687
1818 - HERØY;1818;HERØY;NORDLAND;Fylkesmannen i Nordland;974764687
1820 - ALSTAHAUG;1820;ALSTAHAUG;NORDLAND;Fylkesmannen i Nordland;974764687
1822 - LEIRFJORD;1822;LEIRFJORD;NORDLAND;Fylkesmannen i Nordland;974764687
1824 - VEFSN;1824;VEFSN;NORDLAND;Fylkesmannen i Nordland;974764687
1825 - GRANE;1825;GRANE;NORDLAND;Fylkesmannen i Nordland;974764687
1826 - HATTFJELLDAL;1826;HATTFJELLDAL;NORDLAND;Fylkesmannen i Nordland;974764687
1827 - DØNNA;1827;DØNNA;NORDLAND;Fylkesmannen i Nordland;974764687
1828 - NESNA;1828;NESNA;NORDLAND;Fylkesmannen i Nordland;974764687
1832 - HEMNES;1832;HEMNES;NORDLAND;Fylkesmannen i Nordland;974764687
1833 - RANA;1833;RANA;NORDLAND;Fylkesmannen i Nordland;974764687
1834 - LURØY;1834;LURØY;NORDLAND;Fylkesmannen i Nordland;974764687
1835 - TRÆNA;1835;TRÆNA;NORDLAND;Fylkesmannen i Nordland;974764687
1836 - RØDØY;1836;RØDØY;NORDLAND;Fylkesmannen i Nordland;974764687
1837 - MELØY;1837;MELØY;NORDLAND;Fylkesmannen i Nordland;974764687
1838 - GILDESKÅL;1838;GILDESKÅL;NORDLAND;Fylkesmannen i Nordland;974764687
1839 - BEIARN;1839;BEIARN;NORDLAND;Fylkesmannen i Nordland;974764687
1840 - SALTDAL;1840;SALTDAL;NORDLAND;Fylkesmannen i Nordland;974764687
1841 - FAUSKE;1841;FAUSKE;NORDLAND;Fylkesmannen i Nordland;974764687
1845 - SØRFOLD;1845;SØRFOLD;NORDLAND;Fylkesmannen i Nordland;974764687
1848 - STEIGEN;1848;STEIGEN;NORDLAND;Fylkesmannen i Nordland;974764687
1875 - HAMARØY;1875;HAMARØY;NORDLAND;Fylkesmannen i Nordland;974764687
1851 - LØDINGEN;1851;LØDINGEN;NORDLAND;Fylkesmannen i Nordland;974764687
1853 - EVENES;1853;EVENES;NORDLAND;Fylkesmannen i Nordland;974764687
1856 - RØST;1856;RØST;NORDLAND;Fylkesmannen i Nordland;974764687
1857 - VÆRØY;1857;VÆRØY;NORDLAND;Fylkesmannen i Nordland;974764687
1859 - FLAKSTAD;1859;FLAKSTAD;NORDLAND;Fylkesmannen i Nordland;974764687
1860 - VESTVÅGØY;1860;VESTVÅGØY;NORDLAND;Fylkesmannen i Nordland;974764687
1865 - VÅGAN;1865;VÅGAN;NORDLAND;Fylkesmannen i Nordland;974764687
1866 - HADSEL;1866;HADSEL;NORDLAND;Fylkesmannen i Nordland;974764687
1867 - BØ;1867;BØ;NORDLAND;Fylkesmannen i Nordland;974764687
1868 - ØKSNES;1868;ØKSNES;NORDLAND;Fylkesmannen i Nordland;974764687
1870 - SORTLAND;1870;SORTLAND;NORDLAND;Fylkesmannen i Nordland;974764687
1871 - ANDØY;1871;ANDØY;NORDLAND;Fylkesmannen i Nordland;974764687
1874 - MOSKENES;1874;MOSKENES;NORDLAND;Fylkesmannen i Nordland;974764687
5401 - TROMSØ;5401;TROMSØ;TROMS OG FINNMARK;Fylkesmannen i Troms og Finnmark;967311014
5402 - HARSTAD;5402;HARSTAD;TROMS OG FINNMARK;Fylkesmannen i Troms og Finnmark;967311014
5411 - KVÆFJORD;5411;KVÆFJORD;TROMS OG FINNMARK;Fylkesmannen i Troms og Finnmark;967311014
5412 - TJELDSUND;5412;TJELDSUND;TROMS OG FINNMARK;Fylkesmannen i Troms og Finnmark;967311014
5413 - IBESTAD;5413;IBESTAD;TROMS OG FINNMARK;Fylkesmannen i Troms og Finnmark;967311014
5414 - GRATANGEN;5414;GRATANGEN;TROMS OG FINNMARK;Fylkesmannen i Troms og Finnmark;967311014
5415 - LAVANGEN;5415;LAVANGEN;TROMS OG FINNMARK;Fylkesmannen i Troms og Finnmark;967311014
5416 - BARDU;5416;BARDU;TROMS OG FINNMARK;Fylkesmannen i Troms og Finnmark;967311014
5417 - SALANGEN;5417;SALANGEN;TROMS OG FINNMARK;Fylkesmannen i Troms og Finnmark;967311014
5418 - MÅLSELV;5418;MÅLSELV;TROMS OG FINNMARK;Fylkesmannen i Troms og Finnmark;967311014
5419 - SØRREISA;5419;SØRREISA;TROMS OG FINNMARK;Fylkesmannen i Troms og Finnmark;967311014
5420 - DYRØY;5420;DYRØY;TROMS OG FINNMARK;Fylkesmannen i Troms og Finnmark;967311014
5421 - SENJA;5421;SENJA;TROMS OG FINNMARK;Fylkesmannen i Troms og Finnmark;967311014
5422 - BALSFJORD;5422;BALSFJORD;TROMS OG FINNMARK;Fylkesmannen i Troms og Finnmark;967311014
5423 - KARLSØY;5423;KARLSØY;TROMS OG FINNMARK;Fylkesmannen i Troms og Finnmark;967311014
5424 - LYNGEN;5424;LYNGEN;TROMS OG FINNMARK;Fylkesmannen i Troms og Finnmark;967311014
5425 - STORFJORD;5425;STORFJORD;TROMS OG FINNMARK;Fylkesmannen i Troms og Finnmark;967311014
5426 - KÅFJORD;5426;KÅFJORD;TROMS OG FINNMARK;Fylkesmannen i Troms og Finnmark;967311014
5427 - SKJERVØY;5427;SKJERVØY;TROMS OG FINNMARK;Fylkesmannen i Troms og Finnmark;967311014
5428 - NORDREISA;5428;NORDREISA;TROMS OG FINNMARK;Fylkesmannen i Troms og Finnmark;967311014
5429 - KVÆNANGEN;5429;KVÆNANGEN;TROMS OG FINNMARK;Fylkesmannen i Troms og Finnmark;967311014
5404 - VARDØ;5404;VARDØ;TROMS OG FINNMARK;Fylkesmannen i Troms og Finnmark;967311014
5405 - VADSØ;5405;VADSØ;TROMS OG FINNMARK;Fylkesmannen i Troms og Finnmark;967311014
5406 - HAMMERFEST;5406;HAMMERFEST;TROMS OG FINNMARK;Fylkesmannen i Troms og Finnmark;967311014
5430 - KAUTOKEINO;5430;KAUTOKEINO;TROMS OG FINNMARK;Fylkesmannen i Troms og Finnmark;967311014
5403 - ALTA;5403;ALTA;TROMS OG FINNMARK;Fylkesmannen i Troms og Finnmark;967311014
5432 - LOPPA;5432;LOPPA;TROMS OG FINNMARK;Fylkesmannen i Troms og Finnmark;967311014
5433 - HASVIK;5433;HASVIK;TROMS OG FINNMARK;Fylkesmannen i Troms og Finnmark;967311014
5434 - MÅSØY;5434;MÅSØY;TROMS OG FINNMARK;Fylkesmannen i Troms og Finnmark;967311014
5435 - NORDKAPP;5435;NORDKAPP;TROMS OG FINNMARK;Fylkesmannen i Troms og Finnmark;967311014
5436 - PORSANGER;5436;PORSANGER;TROMS OG FINNMARK;Fylkesmannen i Troms og Finnmark;967311014
5437 - KARASJOK;5437;KARASJOK;TROMS OG FINNMARK;Fylkesmannen i Troms og Finnmark;967311014
5438 - LEBESBY;5438;LEBESBY;TROMS OG FINNMARK;Fylkesmannen i Troms og Finnmark;967311014
5439 - GAMVIK;5439;GAMVIK;TROMS OG FINNMARK;Fylkesmannen i Troms og Finnmark;967311014
5440 - BERLEVÅG;5440;BERLEVÅG;TROMS OG FINNMARK;Fylkesmannen i Troms og Finnmark;967311014
5441 - TANA;5441;TANA;TROMS OG FINNMARK;Fylkesmannen i Troms og Finnmark;967311014
5442 - NESSEBY;5442;NESSEBY;TROMS OG FINNMARK;Fylkesmannen i Troms og Finnmark;967311014
5443 - BÅTSFJORD;5443;BÅTSFJORD;TROMS OG FINNMARK;Fylkesmannen i Troms og Finnmark;967311014
5444 - SØR-VARANGER;5444;SØR-VARANGER;TROMS OG FINNMARK;Fylkesmannen i Troms og Finnmark;967311014
2122 - Longyearbyen;2122;Longyearbyen;TROMS OG FINNMARK;Fylkesmannen i Troms og Finnmark;967311014
5006 - STEINKJER;5006;STEINKJER;TRØNDELAG;Fylkesmannen i Trøndelag;974764350
5007 - NAMSOS;5007;NAMSOS;TRØNDELAG;Fylkesmannen i Trøndelag;974764350
5055 - HEIM;5055;HEIM;TRØNDELAG;Fylkesmannen i Trøndelag;974764350
5056 - HITRA;5056;HITRA;TRØNDELAG;Fylkesmannen i Trøndelag;974764350
5059 - ORKLAND;5059;ORKLAND;TRØNDELAG;Fylkesmannen i Trøndelag;974764350
5014 - FRØYA;5014;FRØYA;TRØNDELAG;Fylkesmannen i Trøndelag;974764350
5057 - ØRLAND;5057;ØRLAND;TRØNDELAG;Fylkesmannen i Trøndelag;974764350
5058 - ÅFJORD;5058;ÅFJORD;TRØNDELAG;Fylkesmannen i Trøndelag;974764350
5020 - OSEN;5020;OSEN;TRØNDELAG;Fylkesmannen i Trøndelag;974764350
5021 - OPPDAL;5021;OPPDAL;TRØNDELAG;Fylkesmannen i Trøndelag;974764350
5022 - RENNEBU;5022;RENNEBU;TRØNDELAG;Fylkesmannen i Trøndelag;974764350
5025 - RØROS;5025;RØROS;TRØNDELAG;Fylkesmannen i Trøndelag;974764350
5026 - HOLTÅLEN;5026;HOLTÅLEN;TRØNDELAG;Fylkesmannen i Trøndelag;974764350
5027 - MIDTRE GAULDAL;5027;MIDTRE GAULDAL;TRØNDELAG;Fylkesmannen i Trøndelag;974764350
5028 - MELHUS;5028;MELHUS;TRØNDELAG;Fylkesmannen i Trøndelag;974764350
5029 - SKAUN;5029;SKAUN;TRØNDELAG;Fylkesmannen i Trøndelag;974764350
5031 - MALVIK;5031;MALVIK;TRØNDELAG;Fylkesmannen i Trøndelag;974764350
5032 - SELBU;5032;SELBU;TRØNDELAG;Fylkesmannen i Trøndelag;974764350
5033 - TYDAL;5033;TYDAL;TRØNDELAG;Fylkesmannen i Trøndelag;974764350
5034 - MERÅKER;5034;MERÅKER;TRØNDELAG;Fylkesmannen i Trøndelag;974764350
5035 - STJØRDAL;5035;STJØRDAL;TRØNDELAG;Fylkesmannen i Trøndelag;974764350
5036 - FROSTA;5036;FROSTA;TRØNDELAG;Fylkesmannen i Trøndelag;974764350
5037 - LEVANGER;5037;LEVANGER;TRØNDELAG;Fylkesmannen i Trøndelag;974764350
5038 - VERDAL;5038;VERDAL;TRØNDELAG;Fylkesmannen i Trøndelag;974764350
5041 - SNÅSA;5041;SNÅSA;TRØNDELAG;Fylkesmannen i Trøndelag;974764350
5042 - LIERNE;5042;LIERNE;TRØNDELAG;Fylkesmannen i Trøndelag;974764350
5043 - RØYRVIK;5043;RØYRVIK;TRØNDELAG;Fylkesmannen i Trøndelag;974764350
5044 - NAMSSKOGAN;5044;NAMSSKOGAN;TRØNDELAG;Fylkesmannen i Trøndelag;974764350
5045 - GRONG;5045;GRONG;TRØNDELAG;Fylkesmannen i Trøndelag;974764350
5046 - HØYLANDET;5046;HØYLANDET;TRØNDELAG;Fylkesmannen i Trøndelag;974764350
5047 - OVERHALLA;5047;OVERHALLA;TRØNDELAG;Fylkesmannen i Trøndelag;974764350
5049 - FLATANGER;5049;FLATANGER;TRØNDELAG;Fylkesmannen i Trøndelag;974764350
5060 - NÆRØYSUND;5060;NÆRØYSUND;TRØNDELAG;Fylkesmannen i Trøndelag;974764350
5052 - LEKA;5052;LEKA;TRØNDELAG;Fylkesmannen i Trøndelag;974764350
5053 - INDERØY;5053;INDERØY;TRØNDELAG;Fylkesmannen i Trøndelag;974764350
5054 - INDRE FOSEN;5054;INDRE FOSEN;TRØNDELAG;Fylkesmannen i Trøndelag;974764350
5061 - RINDAL;5061;RINDAL;TRØNDELAG;Fylkesmannen i Trøndelag;974764350